material,youngs,densities
Aluminum Bronze,120,7.7
Aluminum,69,2.7
Brass,102,8.5
Bronze,96,8.8
Cast Iron,130,7.2
Chromium,248,7.1
Cobalt,207,8.8
Copper,117,8.79
Glass,50,2.7
Gold,74,19.29
Granite,52,2.7
Iron,210,7.2
Lead,13.8,11.35
Nickel,170,8.9
Platinum,147,21.5
Silicon,130,2.33
Silver,72,10.5
Steel,200,7.82
Tin,47,7.28
Zinc,83,7.12
